{
  "0": {
    "precision": 0.7064777327935222,
    "recall": 0.6299638989169675,
    "f1-score": 0.666030534351145,
    "support": 554.0
  },
  "1": {
    "precision": 0.5948616600790514,
    "recall": 0.6748878923766816,
    "f1-score": 0.6323529411764706,
    "support": 446.0
  },
  "accuracy": 0.65,
  "macro avg": {
    "precision": 0.6506696964362868,
    "recall": 0.6524258956468245,
    "f1-score": 0.6491917377638078,
    "support": 1000.0
  },
  "weighted avg": {
    "precision": 0.6566969643628683,
    "recall": 0.65,
    "f1-score": 0.6510103277952402,
    "support": 1000.0
  },
  "optimal_threshold": 0.25
}